city_id,city_name,country,latitude,longitude,weather_date,temp,humidity,cloudiness,wind_speed
2077963,Albany,AU,-35.02,117.89,10/05/20,            41,86,60,4.7
978895,Margate,ZA,-30.86,30.37,10/05/20,            69.84,86,100,20.33
2409914,Bonthe,SL,7.53,-12.51,10/05/20,            78.42,80,99,6.46
964432,Port Alfred,ZA,-33.59,26.89,10/05/20,            64.89,85,29,8.59
4035715,Avarua,CK,-21.21,-159.78,10/05/20,            73.4,69,35,5.82
3370903,Jamestown,SH,-15.94,-5.72,10/05/20,            60.69,92,100,13.89
3892454,Diego de Almagro,CL,-26.37,-70.05,10/05/20,            82.78,15,5,11.83
485660,Tsimmerbude,RU,54.67,20.13,10/05/20,            59.86,93,75,6.71
3366880,Hermanus,ZA,-34.42,19.23,10/05/20,            57.99,91,4,2.48
3908339,Patacamaya,BO,-17.23,-67.92,10/05/20,            59.72,33,0,14.09
3883457,Lebu,CL,-37.62,-73.65,10/05/20,            49.77,70,0,16.35
2449893,Tessalit,ML,20.2,1.01,10/05/20,            95.63,20,10,9.1
2122090,Pevek,RU,69.7,170.31,10/05/20,            28.56,91,77,13.71
3372707,Ribeira Grande,PT,38.52,-28.7,10/05/20,            71.6,68,75,3.36
3492997,Samaná,DO,19.21,-69.34,10/05/20,            91.4,59,40,6.93
2630299,Hofn,IS,64.25,-15.21,10/05/20,            42.8,93,90,5.82
1507390,Dikson,RU,73.51,80.55,10/05/20,            33.66,89,100,33.46
3984997,San Quintín,MX,30.48,-115.95,10/05/20,            92.48,20,0,13.4
3382160,Cayenne,GF,4.93,-52.33,10/05/20,            80.6,78,75,3.36
6185377,Yellowknife,CA,62.46,-114.35,10/05/20,            39.52,80,90,11.41
3833367,Ushuaia,AR,-54.8,-68.3,10/05/20,            48.2,57,75,20.8
5870133,Nome,US,64.5,-165.41,10/05/20,            37.4,74,75,10.29
964420,Port Elizabeth,ZA,-33.92,25.57,10/05/20,            60.8,93,5,17.22
2206939,Bluff,NZ,-46.6,168.33,10/05/20,            48.99,73,73,15.01
1788852,Xining,CN,36.62,101.77,10/05/20,            44.67,61,100,5.48
3896218,Castro,CL,-42.47,-73.77,10/05/20,            44.69,76,90,17.22
2163355,Hobart,AU,-42.88,147.33,10/05/20,            35.56,84,1,6.93
2126199,Cherskiy,RU,68.75,161.3,10/05/20,            27.7,87,98,3.62
546105,Nikolskoye,RU,59.7,30.79,10/05/20,            60.6,87,90,6.71
933649,Khakhea,BW,-24.69,23.49,10/05/20,            65.61,83,100,10.85
3374210,São Filipe,CV,14.9,-24.5,10/05/20,            78.21,66,4,6.55
3347019,Mossamedes,AO,-15.2,12.15,10/05/20,            65.66,71,0,5.1
6170031,Tuktoyaktuk,CA,69.45,-133.04,10/05/20,            35.6,93,90,12.75
3874787,Punta Arenas,CL,-53.15,-70.92,10/05/20,            48.2,45,75,32.21
2094342,Kavieng,PG,-2.57,150.8,10/05/20,            82.18,76,100,13.62
241131,Victoria,SC,-4.62,55.45,10/05/20,            80.6,83,20,5.82
3932145,Pisco,PE,-13.7,-76.22,10/05/20,            65.68,72,40,11.41
615460,Pitsunda,GE,43.16,40.34,10/05/20,            64.4,82,75,6.71
2074865,Carnarvon,AU,-24.87,113.63,10/05/20,            51.8,37,0,8.05
3652764,Puerto Ayora,EC,-0.74,-90.35,10/05/20,            72.57,60,0,19.46
2075265,Busselton,AU,-33.65,115.33,10/05/20,            48.16,55,100,8.23
1262715,Moth,IN,25.72,78.95,10/05/20,            78.71,29,7,4.9
2134814,Sola,VU,-13.88,167.55,10/05/20,            78.8,88,40,15.26
6620339,Karratha,AU,-20.74,116.85,10/05/20,            60.57,30,0,17.78
5954718,Flin Flon,CA,54.77,-101.86,10/05/20,            57.2,47,75,13.87
3418910,Upernavik,GL,72.79,-56.15,10/05/20,            25.75,90,18,4.5
1282256,Hithadhoo,MV,-0.6,73.08,10/05/20,            82.44,71,100,11.63
3430863,Mar del Plata,AR,-38,-57.56,10/05/20,            51.8,81,75,8.05
4030556,Rikitea,PF,-23.12,-134.97,10/05/20,            73.83,80,100,15.57
2017155,Saskylakh,RU,71.92,114.08,10/05/20,            20.39,94,100,1.92
3454628,Peçanha,BR,-18.55,-42.56,10/05/20,            83.52,46,8,8.3
4944903,Nantucket,US,41.28,-70.1,10/05/20,            59,82,20,16.11
3369157,Cape Town,ZA,-33.93,18.42,10/05/20,            60.21,87,20,13.87
3424607,Tasiilaq,GL,65.61,-37.64,10/05/20,            35.6,95,100,4.7
3443061,Chui,UY,-33.7,-53.46,10/05/20,            64.49,65,4,18.59
5859699,College,US,64.86,-147.8,10/05/20,            36.07,74,75,0.76
2537881,Safi,MA,32.3,-9.24,10/05/20,            67.98,72,0,24.4
5880054,Barrow,US,71.29,-156.79,10/05/20,            33.8,80,90,13.87
2194098,Ahipara,NZ,-35.17,173.17,10/05/20,            54.72,87,100,2.15
3838859,Río Gallegos,AR,-51.62,-69.22,10/05/20,            59,47,75,14.99
2357163,Nouna,BF,12.73,-3.87,10/05/20,            84.72,61,7,9.31
2269142,Colares,PT,38.8,-9.45,10/05/20,            65.07,82,40,6.93
4020109,Atuona,PF,-9.8,-139.03,10/05/20,            77.61,79,2,18.39
2013639,Verkhnevilyuysk,RU,63.45,120.32,10/05/20,            41.77,86,100,8.93
4011743,Constitucion,MX,23.99,-104.67,10/05/20,            71.83,27,5,8.39
6255012,Flinders,AU,-34.58,150.86,10/05/20,            59.32,80,100,1.01
1568770,Quang Ngai,VN,15.12,108.8,10/05/20,            76.19,88,100,6.69
5924351,Clyde River,CA,70.47,-68.59,10/05/20,            26.6,100,40,2.24
4192800,Eatonton,US,33.33,-83.39,10/05/20,            77.18,50,1,4.76
2188874,Russell,NZ,-35.26,174.12,10/05/20,            54,95,100,4
2772480,Sankt Georgen,AT,47.52,14.37,10/05/20,            48.38,81,100,5.82
2110227,Butaritari,KI,3.07,172.79,10/05/20,            82.36,76,0,13.38
5282297,Bethel,US,41.37,-73.41,10/05/20,            64.29,55,20,6.93
1015776,Bredasdorp,ZA,-34.53,20.04,10/05/20,            60.8,87,0,3.36
2015179,Tommot,RU,58.96,126.29,10/05/20,            30.13,97,74,2.35
2396518,Port-Gentil,GA,-0.72,8.78,10/05/20,            77,100,90,14.99
1298987,Pyinmana,MM,19.73,96.22,10/05/20,            74.1,90,31,2.51
5554428,Ketchikan,US,55.34,-131.65,10/05/20,            53.6,100,90,9.17
2022572,Khatanga,RU,71.97,102.5,10/05/20,            20.68,98,98,5.57
4032243,Vaini,TO,-21.2,-175.2,10/05/20,            73.4,94,75,10.29
1276325,Bhadrak,IN,21.06,86.51,10/05/20,            78.93,89,65,2.66
5888001,Atikokan,CA,48.76,-91.62,10/05/20,            59.81,50,90,12.84
4791259,Virginia Beach,US,36.85,-75.98,10/05/20,            70,49,20,12.75
1490805,Strelka,RU,58.07,93.03,10/05/20,            28.45,97,3,3.2
6355222,Yulara,AU,-25.24,130.99,10/05/20,            51.8,81,90,5.82
143073,Ardakān,IR,32.31,54.02,10/05/20,            75.2,23,40,13.87
3374346,Ponta do Sol,CV,17.2,-25.09,10/05/20,            84.2,58,40,16.11
898947,Senanga,ZM,-16.12,23.27,10/05/20,            84.74,19,97,3.58
6137462,Saint-Augustin,CA,51.23,-58.65,10/05/20,            49.75,49,86,12.12
2411397,Georgetown,SH,-7.93,-14.42,10/05/20,            74.57,85,95,15.03
1726708,Barcelona,PH,8.16,126.43,10/05/20,            78.66,87,100,7.85
2754817,Harlingen,NL,53.17,5.42,10/05/20,            53.56,93,75,11.41
3838233,Salta,AR,-24.79,-65.41,10/05/20,            68,37,0,8.05
5354943,Half Moon Bay,US,37.46,-122.43,10/05/20,            68.49,93,90,4.7
1496073,Orlik,RU,52.52,99.83,10/05/20,            33.04,85,100,1.12
553518,Kamennogorsk,RU,60.95,29.13,10/05/20,            52.57,100,0,3.36
4470244,Havelock,US,34.88,-76.9,10/05/20,            72.99,53,1,8.05
2729907,Longyearbyen,SJ,78.22,15.64,10/05/20,            41,80,75,3.36
5557293,Sitka,US,57.05,-135.33,10/05/20,            51.8,87,90,17.22
3573061,Saint George,BM,32.38,-64.68,10/05/20,            81.82,74,75,13.87
3520994,Puerto Escondido,MX,15.85,-97.07,10/05/20,            82.4,74,75,9.17
2126123,Chokurdakh,RU,70.63,147.92,10/05/20,            24.12,90,49,9.13
2120591,Tilichiki,RU,60.47,166.1,10/05/20,            31.75,95,100,13.76
2127060,Arman',RU,59.7,150.17,10/05/20,            37.8,78,12,5.59
1734757,Sungai Udang,MY,2.27,102.14,10/05/20,            78.4,88,20,4.18
3835994,Santa Rosa,AR,-36.62,-64.28,10/05/20,            64.24,33,0,7.07
5983720,Iqaluit,CA,63.75,-68.51,10/05/20,            35.6,74,90,19.46
3179656,Castellana Grotte,IT,40.89,17.17,10/05/20,            70.5,56,75,1.12
3416888,Grindavik,IS,63.84,-22.43,10/05/20,            41,80,40,9.17
2068110,Kununurra,AU,-15.77,128.73,10/05/20,            77,83,40,5.82
5942913,Dryden,CA,49.78,-92.75,10/05/20,            53.6,71,90,12.75
3346015,Sumbe,AO,-11.21,13.84,10/05/20,            73.45,89,100,8.97
1127106,Sar-e Pul,AF,35.83,66.17,10/05/20,            41.27,65,0,1.23
347634,Ţahţā,EG,26.77,31.5,10/05/20,            77.86,25,0,6.71
3909011,San Rafael,BO,-12.93,-64.87,10/05/20,            101.82,28,15,2.98
2654970,Brae,GB,60.4,-1.35,10/05/20,            53.6,93,40,17.22
1640902,Kawalu,ID,-7.38,108.21,10/05/20,            70.75,92,100,2.24
3534915,Trinidad,CU,21.8,-79.98,10/05/20,            86.29,65,11,13.47
1490256,Talnakh,RU,69.49,88.4,10/05/20,            26.6,92,75,8.95
686137,Armeniş,RO,45.2,22.32,10/05/20,            64.85,77,100,6.15
3355672,Lüderitz,NA,-26.65,15.16,10/05/20,            60.46,69,0,18.28
4034188,Moerai,PF,-22.43,-151.33,10/05/20,            69.3,75,100,16.98
3939168,Huarmey,PE,-10.07,-78.15,10/05/20,            67.21,65,20,8.16
7671223,Kloulklubed,PW,7.04,134.26,10/05/20,            78.8,94,90,5.82
934322,Mahébourg,MU,-20.41,57.7,10/05/20,            71.6,83,75,11.41
1067565,Beloha,MG,-25.17,45.05,10/05/20,            65.35,74,0,16.26
1649150,Bengkulu,ID,-3.8,102.27,10/05/20,            76.15,89,36,11.05
2092164,Lorengau,PG,-2.02,147.27,10/05/20,            81.66,80,100,13.24
2014833,Tura,RU,64.28,100.25,10/05/20,            27.43,92,84,15.17
2136825,Isangel,VU,-19.55,169.27,10/05/20,            70.48,71,1,2.35
2155415,New Norfolk,AU,-42.78,147.06,10/05/20,            33.6,85,3,3.2
4908052,Rolling Meadows,US,42.08,-88.01,10/05/20,            59.67,31,1,12.75
1487112,Vikulovo,RU,56.82,70.61,10/05/20,            32.11,94,96,9.17
3421719,Narsaq,GL,60.92,-46.05,10/05/20,            33.8,80,75,4.7
4013679,Coahuayana Viejo,MX,18.73,-103.68,10/05/20,            82.4,39,40,17.22
1856878,Mitsuke,JP,37.53,138.93,10/05/20,            57,93,80,7.54
3372472,Vila Franca do Campo,PT,37.72,-25.43,10/05/20,            69.8,73,40,5.82
5855927,Hilo,US,19.73,-155.09,10/05/20,            77.81,65,1,3.36
5848280,Kapaa,US,22.08,-159.32,10/05/20,            80.73,74,75,11.41
3471451,Arraial do Cabo,BR,-22.97,-42.03,10/05/20,            77,78,75,19.46
3466165,Cidreira,BR,-30.18,-50.21,10/05/20,            70.14,80,93,6.38
1687186,Sarangani,PH,5.4,125.46,10/05/20,            84.06,75,76,14.52
6068416,Mayo,CA,63.59,-135.9,10/05/20,            41,93,90,10.29
2434985,Bokoro,TD,12.38,17.06,10/05/20,            86.72,48,96,10.78
577380,Berezanskaya,RU,45.71,39.59,10/05/20,            65.23,28,0,14.97
3835869,Santiago del Estero,AR,-27.8,-64.26,10/05/20,            75.99,27,0,5.88
3466980,Caravelas,BR,-17.71,-39.25,10/05/20,            80.19,62,90,8.43
100926,Umluj,SA,25.02,37.27,10/05/20,            82.06,66,0,7.49
2427949,Melfi,TD,11.06,17.94,10/05/20,            78.87,67,0,2.01
2121385,Severo-Kuril'sk,RU,50.68,156.12,10/05/20,            52.84,92,100,10.94
1645528,Denpasar,ID,-8.65,115.22,10/05/20,            80.6,94,40,9.17
1293625,Dawei,MM,14.08,98.2,10/05/20,            77.25,87,100,2.15
3662342,São Gabriel da Cachoeira,BR,-0.13,-67.09,10/05/20,            85.32,74,99,3.36
1242110,Kalmunai,LK,7.42,81.82,10/05/20,            80.35,82,0,1.5
2184772,Te Karaka,NZ,-38.47,177.87,10/05/20,            60.17,58,55,6.04
187896,Mandera,KE,3.94,41.87,10/05/20,            86.5,45,47,7.99
4031574,Provideniya,RU,64.38,-173.3,10/05/20,            32.22,91,0,7.85
4946620,Palmer,US,42.16,-72.33,10/05/20,            63.91,55,20,5.82
3420846,Qaqortoq,GL,60.72,-46.03,10/05/20,            33.8,80,75,4.7
2015306,Tiksi,RU,71.69,128.87,10/05/20,            35.65,96,100,10.45
2075720,Broome,AU,-17.97,122.23,10/05/20,            71.6,19,80,19.46
477940,Ust-Tsilma,RU,65.44,52.15,10/05/20,            38.71,95,100,3.67
2112309,Katsuura,JP,35.13,140.3,10/05/20,            69.24,43,75,13.87
3374218,Santa Maria,CV,16.6,-22.9,10/05/20,            80.6,69,40,14.99
1264976,Leh,IN,34.17,77.58,10/05/20,            41.67,44,0,2.33
2441194,Mayahi,NE,13.96,7.67,10/05/20,            97.43,22,100,2.01
2522325,Agüimes,ES,27.91,-15.45,10/05/20,            73.67,73,40,11.41
5959335,Gander,CA,48.97,-54.59,10/05/20,            46.4,61,75,17.22
286621,Salalah,OM,17.02,54.09,10/05/20,            80.6,78,75,4.7
2123814,Leningradskiy,RU,69.38,178.42,10/05/20,            20.89,88,9,5.88
3654410,Manta,EC,-0.95,-80.73,10/05/20,            77,83,90,11.41
3870243,Taltal,CL,-25.4,-70.48,10/05/20,            64.15,57,22,9.35
785881,Šipkovica,MK,42.03,20.92,10/05/20,            72.73,47,40,13.87
476062,Velikiy Ustyug,RU,60.76,46.31,10/05/20,            45.64,92,100,9.26
5866583,Saint Paul Harbor,US,57.79,-152.41,10/05/20,            50,61,1,11.36
3901969,Urubichá,BO,-15.38,-62.95,10/05/20,            100.54,23,47,2.19
2079582,Alyangula,AU,-13.85,136.42,10/05/20,            69.8,94,0,6.67
1213855,Sibolga,ID,1.74,98.78,10/05/20,            77.14,83,100,2.57
2027487,Arkhara,RU,49.42,130.08,10/05/20,            39.4,85,100,8.46
2446796,Bilma,NE,18.69,12.92,10/05/20,            91.87,14,43,3.02
2071860,Esperance,AU,-33.87,121.9,10/05/20,            46.4,100,90,5.82
5972762,Hay River,CA,60.82,-115.8,10/05/20,            50,81,75,4.7
2450173,Taoudenni,ML,22.68,-3.98,10/05/20,            91.42,33,100,10.31
2422442,Dabola,GN,10.75,-11.12,10/05/20,            73.83,90,100,3.58
3594575,La Gomera,GT,14.08,-91.05,10/05/20,            87.8,66,20,11.41
2122262,Palana,RU,59.12,159.97,10/05/20,            38.98,96,100,5.23
876123,Lumeje,AO,-11.55,20.78,10/05/20,            80.89,27,5,2.59
4019219,Agua Verde,MX,22.9,-106.05,10/05/20,            91.72,59,20,6.91
3141667,Roald,NO,62.58,6.13,10/05/20,            51.37,93,20,3.36
608270,Shubarshi,KZ,48.59,57.19,10/05/20,            40.35,59,0,5.59
2082539,Merauke,ID,-8.47,140.33,10/05/20,            77.07,82,95,13.96
513898,Otradnoye,RU,59.78,30.82,10/05/20,            60.03,89,96,6.85
609924,Emba,KZ,48.83,58.14,10/05/20,            38.19,64,0,3.24
3453060,Pontes e Lacerda,BR,-15.23,-59.34,10/05/20,            106.61,14,72,2.24
1006984,East London,ZA,-33.02,27.91,10/05/20,            66.2,93,20,5.82
1805833,Jiexiu,CN,37.02,111.91,10/05/20,            50.34,49,100,4.34
3455908,Oliveira,BR,-20.7,-44.83,10/05/20,            90.9,28,18,1.74
2157698,Mildura,AU,-34.2,142.15,10/05/20,            49.53,81,97,8.05
107304,Buraidah,SA,26.33,43.98,10/05/20,            87.8,27,40,12.75
2027042,Batagay-Alyta,RU,67.8,130.41,10/05/20,            26.64,92,100,4.45
1630662,Praya,ID,-8.71,116.27,10/05/20,            77,83,75,8.05
2094027,Kieta,PG,-6.22,155.63,10/05/20,            78.8,77,97,1.3
2206874,Waipawa,NZ,-41.41,175.52,10/05/20,            55.29,71,54,24.16
3939761,Hualmay,PE,-11.1,-77.61,10/05/20,            67.33,63,1,8.46
962367,Richards Bay,ZA,-28.78,32.04,10/05/20,            68.88,83,100,12.01
2428394,Mao,TD,14.12,15.31,10/05/20,            95.16,30,97,8.7
3526756,Isla Mujeres,MX,21.23,-86.73,10/05/20,            86,74,75,6.93
3386213,Touros,BR,-5.2,-35.46,10/05/20,            82.4,65,40,17.22
3893629,Coquimbo,CL,-29.95,-71.34,10/05/20,            60.8,59,100,13.87
2152667,Portland,AU,-38.33,141.6,10/05/20,            46.08,69,34,9.31
6165406,Thompson,CA,55.74,-97.86,10/05/20,            50,93,90,11.41
3414079,Olafsvik,IS,64.89,-23.71,10/05/20,            42.73,74,100,8.41
4034551,Faanui,PF,-16.48,-151.75,10/05/20,            77.72,79,100,14.07
2334756,Kaura Namoda,NG,12.59,6.58,10/05/20,            86.74,42,85,6.58
933995,Souillac,MU,-20.52,57.52,10/05/20,            71.6,83,75,11.41
4034307,Mahina,PF,-17.51,-149.49,10/05/20,            80.6,65,75,3.36
1567148,Tam Ky,VN,15.57,108.48,10/05/20,            78.8,83,40,1.12
935215,Saint-Philippe,RE,-21.36,55.77,10/05/20,            66.02,88,79,12.75
3865086,Bahía Blanca,AR,-38.72,-62.27,10/05/20,            63.16,38,0,8.52
2184707,Wanaka,NZ,-44.7,169.15,10/05/20,            53.01,76,100,1.99
5563839,Fortuna,US,40.6,-124.16,10/05/20,            59,87,1,4.65
3383434,Nieuw Amsterdam,SR,5.88,-55.08,10/05/20,            84.99,80,93,1.99
5288261,Camp Verde,US,34.56,-111.85,10/05/20,            86.45,8,100,2.26
370481,Merowe,SD,18.48,31.82,10/05/20,            93.58,11,0,9.1
6067472,Marystown,CA,47.17,-55.15,10/05/20,            53.01,100,100,5.01
2090495,Morehead,PG,-8.71,141.64,10/05/20,            75.36,84,71,5.77
229059,Moyo,UG,3.66,31.72,10/05/20,            69.28,88,3,2.75
3445026,Vila Velha,BR,-20.33,-40.29,10/05/20,            81.55,69,20,11.41
175967,Mporokoso,ZM,-9.37,30.12,10/05/20,            71.28,24,74,1.41
5421250,Englewood,US,39.65,-104.99,10/05/20,            79.32,15,0,1.99
3653967,Muisne,EC,0.6,-80.03,10/05/20,            84.2,74,40,11.41
3401845,Conceição do Araguaia,BR,-8.26,-49.26,10/05/20,            79.43,65,100,7.85
3457001,Biritiba-Mirim,BR,-23.57,-46.04,10/05/20,            90.84,32,55,2.24
6112608,Powell River,CA,49.85,-124.54,10/05/20,            58.23,93,75,5.82
5373121,Mill Valley,US,37.91,-122.55,10/05/20,            67.41,94,0,0.11
3465329,Coruripe,BR,-10.13,-36.18,10/05/20,            79.14,69,99,12.03
3531368,Celestún,MX,20.87,-90.4,10/05/20,            79.74,85,100,22.73
2023333,Kachug,RU,53.96,105.88,10/05/20,            31.64,95,0,1.57
777682,Skjervøy,NO,70.03,20.97,10/05/20,            46.4,70,20,23.04
2156927,Moree,AU,-29.47,149.85,10/05/20,            62.6,55,0,10.29
3388456,São José da Coroa Grande,BR,-8.9,-35.15,10/05/20,            78.51,71,37,11.97
3421765,Nanortalik,GL,60.14,-45.24,10/05/20,            34.3,83,54,10.94
2315417,Inongo,CD,-1.95,18.27,10/05/20,            75.74,83,100,6.46
3047282,Nyergesújfalu,HU,47.76,18.56,10/05/20,            58.87,89,44,1.7
2013279,Vostok,RU,46.49,135.88,10/05/20,            34.83,100,100,4.29
934479,Grand Gaube,MU,-20.01,57.66,10/05/20,            73,78,100,7
3683180,El Roble,CO,9.1,-75.2,10/05/20,            86.18,71,99,7.07
1710590,Ipilan,PH,8.84,117.9,10/05/20,            79.99,81,100,6.06
1244926,Hambantota,LK,6.12,81.12,10/05/20,            80.6,78,0,10.29
1651591,Amahai,ID,-3.33,128.92,10/05/20,            77.29,85,94,2.82
3423146,Ilulissat,GL,69.22,-51.1,10/05/20,            28.4,54,5,2.24
2027296,Aykhal,RU,66,111.5,10/05/20,            35.6,93,90,8.95
3867427,Mayor Pablo Lagerenza,PY,-19.93,-60.77,10/05/20,            97.79,23,0,4.38
4031637,Lavrentiya,RU,65.58,-171,10/05/20,            33.1,90,0,8.97
1507116,Dudinka,RU,69.41,86.18,10/05/20,            26.6,92,75,8.95
1529102,Ürümqi,CN,43.8,87.6,10/05/20,            55.4,28,0,11.18
4031742,Egvekinot,RU,66.32,-179.17,10/05/20,            24.82,94,0,2.39
3590069,San José,GT,16.98,-89.9,10/05/20,            85.26,53,63,8.77
3831208,Qaanaaq,GL,77.48,-69.36,10/05/20,            18.73,84,96,11.52
1626542,Sorong,ID,-0.88,131.25,10/05/20,            77.94,87,97,7.87
1337610,Thinadhoo,MV,0.53,72.93,10/05/20,            82.18,76,100,10.16
779622,Havøysund,NO,71,24.66,10/05/20,            47.25,87,0,4.7
5992836,Kirkland Lake,CA,48.14,-80.04,10/05/20,            53.6,50,1,16.11
3985710,Cabo San Lucas,MX,22.89,-109.91,10/05/20,            87.62,55,5,9.17
1267390,Kavaratti,IN,10.57,72.64,10/05/20,            80.71,72,90,11.9
3084300,Sucha Beskidzka,PL,49.74,19.59,10/05/20,            49.19,71,0,16.11
3380290,Sinnamary,GF,5.38,-52.95,10/05/20,            86.11,64,91,9.55
2294915,Takoradze,GH,4.88,-1.76,10/05/20,            77.49,85,100,9.22
2019004,Novaya Igirma,RU,57.13,103.91,10/05/20,            35.49,90,79,5.06
3394023,Natal,BR,-5.79,-35.21,10/05/20,            82.4,65,40,17.22
3401148,Cururupu,BR,-1.83,-44.87,10/05/20,            86.02,60,30,8.1
3985168,San Patricio,MX,19.22,-104.7,10/05/20,            89.6,66,5,5.82
1804651,Kunming,CN,25.04,102.72,10/05/20,            64.35,100,90,6.71
1529376,Korla,CN,41.76,86.15,10/05/20,            59,57,4,5.99
2187826,Manaia,NZ,-39.55,174.13,10/05/20,            51.66,94,0,9.86
4193699,Evans,US,33.53,-82.13,10/05/20,            76.96,47,1,4.7
777019,Vardø,NO,70.37,31.11,10/05/20,            42.8,100,90,9.17
1503527,Khovu-Aksy,RU,51.13,93.6,10/05/20,            33.28,86,5,4.83
3374336,Porto Novo,CV,17.02,-25.06,10/05/20,            84.2,58,40,16.11
1106677,Bambous Virieux,MU,-20.34,57.76,10/05/20,            72.25,83,75,11.41
545728,Komsomol'skiy,RU,43.98,46.7,10/05/20,            58.44,70,50,10.8
2508807,Adrar,DZ,25.75,-1,10/05/20,            90.23,19,97,2.04
3461408,Ilhéus,BR,-14.79,-39.05,10/05/20,            79.18,69,5,7.94
2109528,Buala,SB,-8.14,159.59,10/05/20,            79.9,78,1,4.52
1794971,Shitanjing,CN,39.23,106.34,10/05/20,            45.19,51,95,0.96
1817240,Baiyin,CN,36.56,104.21,10/05/20,            51.91,45,100,4.47
2230876,Guider,CM,9.93,13.95,10/05/20,            81.19,63,95,1.43
3846864,Lincoln,AR,-34.87,-61.53,10/05/20,            57.99,58,0,6.62
2063036,Port Lincoln,AU,-34.73,135.87,10/05/20,            50.02,74,0,14.09
3372760,Praia da Vitória,PT,38.73,-27.07,10/05/20,            70.74,83,75,5.84
3448903,São João da Barra,BR,-21.64,-41.05,10/05/20,            77,78,75,23.04
5861897,Fairbanks,US,64.84,-147.72,10/05/20,            35.91,86,1,0.96
5960603,Geraldton,CA,49.73,-86.95,10/05/20,            53.6,62,90,16.11
8079926,Labuhan,ID,-6.88,112.21,10/05/20,            78.01,78,100,11.27
5582371,Steamboat Springs,US,40.48,-106.83,10/05/20,            64.87,14,1,13.87
3460087,Jardim,BR,-21.48,-56.14,10/05/20,            103.77,21,6,6.82
2100765,Angoram,PG,-4.06,144.07,10/05/20,            74.23,98,100,1.66
6111696,Port-Cartier,CA,50.03,-66.87,10/05/20,            42.39,93,75,4.7
80509,Al Bardīyah,LY,31.76,25.09,10/05/20,            76.73,70,0,4.85
2067089,Maningrida,AU,-12.07,134.27,10/05/20,            74.68,86,1,4.94
5836898,Rock Springs,US,41.59,-109.2,10/05/20,            69.8,14,1,17.22
3104707,Villaviciosa,ES,43.48,-5.44,10/05/20,            65.95,71,100,4.34
2278158,Buchanan,LR,5.88,-10.05,10/05/20,            80.6,83,75,4.65
2126682,Bilibino,RU,68.05,166.44,10/05/20,            19.56,89,100,1.97
1011632,De Aar,ZA,-30.65,24.01,10/05/20,            68.65,28,100,22.5
1337607,Kudahuvadhoo,MV,2.67,72.89,10/05/20,            82.71,78,87,14.41
1045114,Inhambane,MZ,-23.86,35.38,10/05/20,            71.29,78,75,4.7
1049261,Chimoio,MZ,-19.12,33.48,10/05/20,            68,100,75,10.29
3393692,Itarema,BR,-2.92,-39.92,10/05/20,            83.39,64,67,21.47
2377450,Nouakchott,MR,18.09,-15.98,10/05/20,            84.2,70,65,10.29
1106643,Quatre Cocos,MU,-20.21,57.76,10/05/20,            72.32,83,75,11.41
2185763,Okato,NZ,-39.2,173.88,10/05/20,            53.2,74,6,1.99
3052749,Felsőszentiván,HU,46.2,19.19,10/05/20,            64.24,54,66,3.71
3899695,Ancud,CL,-41.87,-73.82,10/05/20,            44.04,76,90,17.22
3372964,Lagoa,PT,39.05,-27.98,10/05/20,            68.97,77,100,6.53
2152659,Port Macquarie,AU,-31.43,152.92,10/05/20,            53.76,93,5,4.47
2517436,Gáldar,ES,28.15,-15.65,10/05/20,            73.47,73,40,11.41
2964782,Dingle,IE,52.14,-10.27,10/05/20,            53.6,93,90,10.29
3662395,Santo Antônio do Içá,BR,-3.1,-67.94,10/05/20,            90.19,54,99,1.48
4984075,Alpena,US,45.06,-83.43,10/05/20,            56.91,50,75,13.87
599808,Dotnuva,LT,55.35,23.9,10/05/20,            62.6,82,90,12.75
292968,Abu Dhabi,AE,24.47,54.37,10/05/20,            89.6,62,0,5.82
2374583,Bubaque,GW,11.28,-15.83,10/05/20,            81.19,79,40,10.4
3664980,Boa Vista,BR,2.82,-60.67,10/05/20,            80.6,78,75,10.29
3361934,Saldanha,ZA,-33.01,17.94,10/05/20,            59,82,0,10.29
2018735,Nyurba,RU,63.28,118.33,10/05/20,            41.38,85,100,10.45
6779095,Nara,ML,15.17,-7.29,10/05/20,            86.56,54,100,9.78
2164129,Gympie,AU,-26.19,152.66,10/05/20,            57,96,0,2.37
5851349,Nānākuli,US,21.39,-158.15,10/05/20,            77.7,69,20,4.7
3430443,Necochea,AR,-38.55,-58.74,10/05/20,            53.01,86,92,5.01
1489853,Tazovsky,RU,67.47,78.7,10/05/20,            32.13,94,0,13.85
1631637,Pemangkat,ID,1.17,108.97,10/05/20,            78.12,87,100,5.41
3145580,Aukra,NO,62.79,6.92,10/05/20,            53.6,93,75,5.82
2240449,Luanda,AO,-8.84,13.23,10/05/20,            75.2,83,20,5.82
358620,Safaga,EG,26.73,33.94,10/05/20,            81.46,52,0,8.08
3461789,Guarujá,BR,-23.99,-46.26,10/05/20,            81,26,2,8.86
1214026,Sabang,ID,5.89,95.32,10/05/20,            82.8,78,100,16.28
3670218,San Andrés,CO,12.58,-81.7,10/05/20,            83.19,78,36,18.72
2028164,Deputatsky,RU,69.3,139.9,10/05/20,            18.54,91,37,6.26
3356264,Keetmanshoop,NA,-26.58,18.13,10/05/20,            73.9,25,100,18.54
2179825,Waitati,NZ,-45.75,170.57,10/05/20,            47.46,84,100,32.99
2122104,Petropavlovsk-Kamchatskiy,RU,53.05,158.65,10/05/20,            46.4,100,90,4.47
145724,Lucapa,AO,-8.42,20.74,10/05/20,            75.45,50,0,2.62
1635815,Maumere,ID,-8.62,122.21,10/05/20,            78.19,80,26,8.19
1862555,Hirado,JP,33.36,129.55,10/05/20,            64.99,25,77,5.01
337405,Gambēla,ET,8.25,34.58,10/05/20,            71.6,91,100,4.05
3868210,Vilcún,CL,-38.65,-72.23,10/05/20,            55.4,58,40,11.41
2036986,Hegang,CN,47.4,130.37,10/05/20,            40.57,89,22,7.72
2208248,Kaitangata,NZ,-46.28,169.85,10/05/20,            50,69,100,8.01
783148,Gjirokastër,AL,40.08,20.14,10/05/20,            75.02,65,75,8.05
3356832,Henties Bay,NA,-22.12,14.28,10/05/20,            55.99,92,0,1.01
2112802,Hasaki,JP,35.73,140.83,10/05/20,            63.45,82,75,3.36
5969025,Haines Junction,CA,60.75,-137.51,10/05/20,            43.11,82,100,6.44
2435708,Beïnamar,TD,8.67,15.38,10/05/20,            76.01,84,89,1.63
1175864,Jhelum,PK,32.93,73.73,10/05/20,            75.25,28,0,2.89
4328010,Houma,US,29.6,-90.72,10/05/20,            80.53,44,1,13.87
576519,Bezopasnoye,RU,45.65,41.94,10/05/20,            57.2,33,0,15.66
3163146,Andenes,NO,69.31,16.12,10/05/20,            50,81,63,11.41
5067114,Douglas,US,41.3,-96.17,10/05/20,            74.77,33,1,16.11
408689,Lárdos,GR,36.09,28.02,10/05/20,            82.04,42,0,11.41
4026082,Lázaro Cárdenas,MX,17.96,-102.2,10/05/20,            87.67,58,44,3.15
2022143,Khuzhir,RU,53.19,107.34,10/05/20,            39.38,73,0,5.53
2122574,Ola,RU,59.58,151.28,10/05/20,            38.44,77,0,9.91
3449502,Santo Antônio do Leverger,BR,-15.87,-56.08,10/05/20,            107.6,18,53,6.93
986717,Kruisfontein,ZA,-34,24.73,10/05/20,            60.01,92,0,3
4013726,Anáhuac,MX,27.23,-100.15,10/05/20,            86,35,5,8.9
3839307,Rawson,AR,-43.3,-65.1,10/05/20,            69.94,22,5,14.94
1259385,Port Blair,IN,11.67,92.75,10/05/20,            80.71,85,46,7.7
1279005,Alīpur,IN,28.8,77.15,10/05/20,            81.48,50,0,4
3572627,Cockburn Town,BS,24.03,-74.52,10/05/20,            83.5,76,47,17.45
3372783,Ponta Delgada,PT,37.73,-25.67,10/05/20,            69.8,73,40,5.82
649630,Kirkkonummi,FI,60.12,24.44,10/05/20,            53.01,96,1,9.04
1257277,Sarāhan,IN,31.52,77.8,10/05/20,            53.74,41,0,3.74
2220853,Yokadouma,CM,3.52,15.05,10/05/20,            73.17,85,88,0.98
1489656,Teya,RU,60.38,92.63,10/05/20,            29.82,93,100,11.16
352628,Maţāy,EG,28.42,30.78,10/05/20,            78.4,30,0,8.5
2180815,Tuatapere,NZ,-46.13,167.68,10/05/20,            48.99,73,85,17
1268399,Kālīnagar,IN,28.62,80.1,10/05/20,            73.44,68,0,2.71
5882953,Aklavik,CA,68.22,-135.01,10/05/20,            37.4,86,90,11.41
5367788,Lompoc,US,34.64,-120.46,10/05/20,            68.54,56,1,4.7
6014443,Lac du Bonnet,CA,50.25,-96.06,10/05/20,            61.52,99,100,5.99
3533462,Acapulco de Juárez,MX,16.86,-99.89,10/05/20,            86,74,75,9.17
2077895,Alice Springs,AU,-23.7,133.88,10/05/20,            50,100,90,9.17
2128975,Nemuro,JP,43.32,145.57,10/05/20,            57.72,71,24,25.97
3981391,Tomatlán,MX,19.93,-105.25,10/05/20,            93.02,39,0,3.85
6149996,Smithers,CA,54.78,-127.17,10/05/20,            51.8,87,75,3.36
1636022,Martapura,ID,-3.42,114.85,10/05/20,            76.42,88,75,1.61
4685892,Denison,US,33.76,-96.54,10/05/20,            70.97,49,5,9.17
2173911,Broken Hill,AU,-31.95,141.43,10/05/20,            55.4,58,100,14.99
2447416,Ayorou,NE,14.73,0.92,10/05/20,            98.13,22,21,3.83
4021858,Guerrero Negro,MX,27.98,-114.06,10/05/20,            96.13,18,93,9.08
3354071,Oranjemund,NA,-28.55,16.43,10/05/20,            59.32,82,0,9.37
64435,Berbera,SO,10.44,45.01,10/05/20,            88.65,51,0,3.74
4036284,Alofi,NU,-19.06,-169.92,10/05/20,            75.2,88,75,12.75
3146487,Raudeberg,NO,61.99,5.14,10/05/20,            53.01,90,15,9.15
1539210,Purpe,RU,64.48,76.69,10/05/20,            32,93,100,11.21
475955,Velizh,RU,55.61,31.2,10/05/20,            57.45,51,100,10.87
162099,Abadan,TM,38.05,58.21,10/05/20,            57.2,71,90,6.93
3832899,Viedma,AR,-40.81,-63,10/05/20,            70,33,0,11.99
2126710,Beringovskiy,RU,63.05,179.32,10/05/20,            34.21,83,2,7.18
2236967,Soyo,AO,-6.13,12.37,10/05/20,            76.78,81,86,7.45
3515956,Tenosique,MX,17.48,-91.43,10/05/20,            82.4,74,75,11.41
3991347,Puerto Peñasco,MX,31.32,-113.53,10/05/20,            94.84,23,100,9.1
3936456,Lima,PE,-12.04,-77.03,10/05/20,            66.09,68,40,11.41
3379507,Bartica,GY,6.4,-58.62,10/05/20,            91.4,59,40,9.17
2098329,Daru,PG,-9.08,143.21,10/05/20,            77.34,84,100,14.63
551145,Kem',RU,64.96,34.58,10/05/20,            47.98,95,100,5.95
3421193,Paamiut,GL,61.99,-49.67,10/05/20,            30.83,84,100,6.62
1214488,Meulaboh,ID,4.14,96.13,10/05/20,            77.49,87,100,5.61
2145554,Ulladulla,AU,-35.35,150.47,10/05/20,            54.73,93,90,9.17
6230919,Whangarei,NZ,-35.73,174.32,10/05/20,            54,95,100,4
3697838,Contamana,PE,-7.33,-75.02,10/05/20,            98.2,30,22,4.54
2015913,Suntar,RU,62.14,117.63,10/05/20,            40.66,84,100,8.72
2028028,Aksha,RU,50.28,113.29,10/05/20,            28.45,89,0,1.74
2088143,Porgera,PG,-5.47,143.2,10/05/20,            37.96,100,76,1.12
6144312,Sept-Îles,CA,50.2,-66.38,10/05/20,            42.48,93,75,4.7
1516048,Khovd,MN,48.01,91.64,10/05/20,            40.01,65,0,7.67
6167817,Torbay,CA,47.67,-52.73,10/05/20,            48.63,76,90,10.29
364933,Umm Kaddadah,SD,13.6,26.69,10/05/20,            93.15,24,0,1.39
707220,Kalcheva,UA,45.74,28.81,10/05/20,            65.91,79,100,14.61
1855540,Naze,JP,28.37,129.48,10/05/20,            77,73,20,16.11
1622318,Waingapu,ID,-9.66,120.26,10/05/20,            75.65,78,42,5.68
3156868,Folldal,NO,62.13,10,10/05/20,            42.33,78,31,5.66
515805,Oktyabr'skoye,RU,43.06,44.74,10/05/20,            53.6,100,66,2.24
210379,Lusambo,CD,-4.97,23.45,10/05/20,            73.65,81,100,0.38
3988392,Rosarito,MX,32.33,-117.03,10/05/20,            86.11,22,1,6.93
1254709,Tezu,IN,27.92,96.17,10/05/20,            72.28,86,92,3.24
780687,Berlevåg,NO,70.86,29.09,10/05/20,            42.57,93,75,6.93
185939,Muhoroni,KE,-0.15,35.2,10/05/20,            67.62,60,97,2.46
6089245,Norman Wells,CA,65.28,-126.83,10/05/20,            42.8,81,75,2.24
2276492,Harper,LR,4.38,-7.72,10/05/20,            77.23,82,25,5.28
2030065,Mandalgovi,MN,45.76,106.27,10/05/20,            29.93,80,0,2.06
1122464,Taywarah,AF,33.35,64.42,10/05/20,            37.22,70,0,3.06
2038087,Chengde,CN,40.97,117.94,10/05/20,            40.64,63,0,2.39
4033356,Tiarei,PF,-17.53,-149.33,10/05/20,            80.6,65,75,3.36
2647984,Great Yarmouth,GB,52.61,1.73,10/05/20,            55.67,99,100,8.01
1636308,Manokwari,ID,-0.87,134.08,10/05/20,            79.16,76,100,4.32
2090021,Namatanai,PG,-3.67,152.43,10/05/20,            79.65,79,100,7.18
2017851,Pogranichnyy,RU,44.41,131.38,10/05/20,            42.44,83,0,9.31
5814450,University Place,US,47.24,-122.55,10/05/20,            58.26,82,75,8.05
2033135,Zhengjiatun,CN,43.51,123.51,10/05/20,            41.5,64,0,7.81
650769,Kristinestad,FI,62.27,21.38,10/05/20,            52.84,92,0,10.38
863061,Usinsk,RU,65.99,57.53,10/05/20,            38.64,94,100,16.35
3453171,Pontal,BR,-21.02,-48.04,10/05/20,            104,13,40,6.93
546845,Kochevo,RU,59.6,54.31,10/05/20,            37.56,80,100,7.4
3651949,San Cristobal,EC,-0.9,-89.62,10/05/20,            73.4,73,20,18.34
174984,Areni,AM,39.72,45.18,10/05/20,            55.4,76,90,4.7
2129766,Kamiiso,JP,41.82,140.65,10/05/20,            54.88,74,39,17.02
1798473,Puqi,CN,29.72,113.88,10/05/20,            51.44,85,100,2.21
361291,Hurghada,EG,27.26,33.81,10/05/20,            81.59,44,0,11.7
3698359,Chicama,PE,-7.84,-79.15,10/05/20,            73.22,53,66,11.27
3575479,Charlestown,KN,17.13,-62.62,10/05/20,            82.58,78,75,8.05
2514651,Los Llanos de Aridane,ES,28.66,-17.92,10/05/20,            68.23,78,75,11.41
515879,Oktyabr'skiy,RU,54.48,53.47,10/05/20,            39.78,70,37,4.38
3860443,Comodoro Rivadavia,AR,-45.87,-67.5,10/05/20,            66.2,16,100,27.51
5225631,Westerly,US,41.38,-71.83,10/05/20,            62.22,72,90,8.05
6453316,Tromsø,NO,69.65,18.96,10/05/20,            42.8,75,0,31.09
2171722,Charters Towers,AU,-20.1,146.27,10/05/20,            60.6,93,100,6.76
2191562,Dunedin,NZ,-45.87,170.5,10/05/20,            47.53,83,100,1.99
2084442,Vanimo,PG,-2.67,141.3,10/05/20,            77.88,86,100,4.27
286245,Sur,OM,22.57,59.53,10/05/20,            81.28,56,0,7.45
2021613,Krasnorechenskiy,RU,44.63,135.35,10/05/20,            40.48,84,100,14.41
3648546,Barinas,VE,8.62,-70.21,10/05/20,            84.09,73,100,2.06
2121025,Srednekolymsk,RU,67.45,153.68,10/05/20,            27.93,87,45,2.35
2311127,Tshela,CD,-4.98,12.93,10/05/20,            78.93,72,100,4.32
5887916,Athabasca,CA,54.72,-113.29,10/05/20,            55.44,56,100,13.8
1273409,Dātāganj,IN,28.03,79.4,10/05/20,            77.23,42,0,1.21
3520064,Salina Cruz,MX,16.17,-95.2,10/05/20,            88.68,45,50,24.52
2156643,Mount Gambier,AU,-37.83,140.77,10/05/20,            41,93,40,4.7
3412093,Vestmannaeyjar,IS,63.44,-20.27,10/05/20,            45,66,97,7.81
6094665,Osoyoos,CA,49.03,-119.45,10/05/20,            64.6,52,20,3.36
2181625,Te Anau,NZ,-45.42,167.72,10/05/20,            49.8,90,100,3.06
6148373,Sioux Lookout,CA,50.1,-91.92,10/05/20,            53.6,66,90,9.17
3069465,Nové Město na Moravě,CZ,49.56,16.07,10/05/20,            46.54,93,96,6.35
5915327,Cap-aux-Meules,CA,47.38,-61.86,10/05/20,            55.4,54,20,9.17
161974,Bereket,TM,39.24,55.52,10/05/20,            61.32,49,100,11.39
3374083,Bathsheba,BB,13.22,-59.52,10/05/20,            86,70,40,11.41
103630,Najrān,SA,17.49,44.13,10/05/20,            78.8,21,0,2.44
5850554,Makakilo City,US,21.35,-158.09,10/05/20,            77.92,69,20,4.7
117392,Saqqez,IR,36.25,46.27,10/05/20,            49.69,59,0,1.25
2174444,Bowen,AU,-20.02,148.23,10/05/20,            66.2,93,75,5.82
1274761,Chāndbāli,IN,20.78,86.77,10/05/20,            80.2,88,38,2.1
933290,Mookane,BW,-23.69,26.66,10/05/20,            74.64,52,100,8.32
6067747,Matagami,CA,49.75,-77.63,10/05/20,            53.6,40,40,11.41
1168700,Ormara,PK,25.21,64.64,10/05/20,            81.27,74,0,5.41
3446087,Três Passos,BR,-27.46,-53.93,10/05/20,            79.16,52,0,11.14
1295765,Sittwe,MM,20.15,92.9,10/05/20,            80.55,85,71,9.48
1337605,Mahibadhoo,MV,3.78,72.97,10/05/20,            83.03,77,1,14.5
2025456,Chernyshevskiy,RU,63.01,112.47,10/05/20,            41.4,84,100,12.06
3844421,Mendoza,AR,-32.89,-68.83,10/05/20,            66.2,25,0,9.17
2953413,Bad Langensalza,DE,51.1,10.65,10/05/20,            54.23,71,75,11.41
5899061,Berwick,CA,45.05,-64.73,10/05/20,            62.6,51,20,6.93
2273435,Tubmanburg,LR,6.87,-10.82,10/05/20,            76.14,90,100,3.42
359792,Aswān,EG,24.09,32.91,10/05/20,            86.23,16,0,11.52
3883615,Lautaro,CL,-38.52,-72.45,10/05/20,            55.4,58,40,11.41
1255619,Srīvardhan,IN,18.03,73.02,10/05/20,            77.54,84,86,3.31
2038139,Changtu,CN,42.78,124.1,10/05/20,            42.37,66,0,4.74
2028462,Ulaanbaatar,MN,47.91,106.88,10/05/20,            23,79,0,1.63
1648636,Bitung,ID,1.45,125.18,10/05/20,            75.2,94,40,2.24
548625,Kinel',RU,53.23,50.65,10/05/20,            39.2,69,0,2.24
4703384,Kingsville,US,27.52,-97.86,10/05/20,            87.57,43,20,4.7
3572375,Freeport,BS,26.53,-78.7,10/05/20,            89.6,75,40,14.99
5503914,Fallon,US,39.47,-118.78,10/05/20,            73.71,15,1,2.71
1072879,Ankazoabo,MG,-22.28,44.52,10/05/20,            67.41,60,18,6.11
2162683,Innisfail,AU,-17.53,146.03,10/05/20,            69.21,81,100,5.64
1272819,Dhārūr,IN,18.82,76.12,10/05/20,            72.95,72,100,4.9
244878,Biltine,TD,14.53,20.92,10/05/20,            90.79,31,18,6.49
2023943,Gorin,RU,51.2,136.67,10/05/20,            37.62,77,100,7.83
3468020,Camapuã,BR,-19.53,-54.04,10/05/20,            108.34,9,32,4.94
2510573,Teguise,ES,29.06,-13.56,10/05/20,            73.4,69,20,13.87
480410,Tunoshna,RU,57.55,40.13,10/05/20,            57.2,62,100,6.71
2618795,Klaksvík,FO,62.23,-6.59,10/05/20,            50,100,95,8.05
3369129,Ceres,ZA,-33.37,19.31,10/05/20,            60.53,77,4,3.18
3421982,Maniitsoq,GL,65.42,-52.9,10/05/20,            28.11,86,79,3.74
1863495,Gushikawa,JP,26.35,127.87,10/05/20,            76.93,69,90,13.87
3492627,El Batey,DO,19.77,-70.52,10/05/20,            88.95,63,40,20.8
3388847,São Félix do Xingu,BR,-6.64,-51.99,10/05/20,            92.01,39,100,8.59
5975004,High Level,CA,58.52,-117.14,10/05/20,            46.4,70,90,3.36
2127515,Wakkanai,JP,45.41,141.67,10/05/20,            55.63,70,91,20.36
1253237,Verāval,IN,20.9,70.37,10/05/20,            80.4,82,0,9.19
3459094,Laguna,BR,-28.48,-48.78,10/05/20,            73.69,77,100,22.82
3695466,La Unión,PE,-5.4,-80.75,10/05/20,            77.32,47,98,18.21
1161724,Chabahar,IR,25.29,60.64,10/05/20,            82,62,0,3.87
1816440,Huaiyuan,CN,32.97,117.2,10/05/20,            55.36,54,60,5.55
5911440,Burgeo,CA,47.62,-57.62,10/05/20,            50.67,57,100,6.15
2122614,Okha,RU,53.57,142.95,10/05/20,            48.88,85,76,22.75
4754972,Culpeper,US,38.5,-77.97,10/05/20,            66.52,40,40,8.05
3383494,Moengo,SR,5.62,-54.4,10/05/20,            88.52,58,100,5.35
3855075,General Pico,AR,-35.66,-63.76,10/05/20,            63.86,37,0,3.15
2021188,Kurumkan,RU,54.3,110.3,10/05/20,            31.42,89,0,0.72
2019309,Neryungri,RU,56.67,124.65,10/05/20,            26.29,95,18,3.04
2209055,Waddān,LY,29.16,16.14,10/05/20,            88.48,13,0,13.65
506232,Porosozero,RU,62.72,32.73,10/05/20,            53.06,98,100,3.94
3369174,Calvinia,ZA,-31.47,19.78,10/05/20,            63.34,46,0,4.41
5536630,Cedar City,US,37.68,-113.06,10/05/20,            78.8,5,1,6.78
3665199,Ariquemes,BR,-9.91,-63.04,10/05/20,            99.23,32,84,1.7
553766,Kamenka,RU,51.32,42.77,10/05/20,            46.85,52,0,9.06
5024719,Duluth,US,46.78,-92.11,10/05/20,            63.57,42,1,21.92
